dataset,selectivity,ef,recall,qps,violations
synth-sift[:200000],0.01,40,0.9999,782.6,0
synth-sift[:200000],0.01,80,1.0,384.3,0
synth-sift[:200000],0.01,160,1.0,180.3,0
synth-sift[:200000],0.01,320,1.0,94.1,0
synth-sift[:200000],0.1,40,1.0,8298.7,0
synth-sift[:200000],0.1,80,1.0,4250.9,0
synth-sift[:200000],0.1,160,1.0,2198.6,0
synth-sift[:200000],0.1,320,1.0,830.8,0
synth-sift[:200000],0.5,40,0.9947,16787.2,0
synth-sift[:200000],0.5,80,0.9999,12494.5,0
synth-sift[:200000],0.5,160,0.9999,8247.9,0
synth-sift[:200000],0.5,320,0.9999,5214.4,0
synth-sift[:200000],0.9,40,0.9837,21718.0,0
synth-sift[:200000],0.9,80,0.9958,16055.7,0
synth-sift[:200000],0.9,160,0.9999,11242.1,0
synth-sift[:200000],0.9,320,0.9999,7947.4,0
