library,version,dataset,n,dim,metric,M,efc,threads,build_s,build_1t_s,index_bytes,rss_delta_mb,peak_rss_mb,mode,ef,k,recall,qps,p50_us,p95_us,p99_us
engine,0.1.0,glove,1183514,100,cosine,16,200,4,65.586,nan,703661984,333.3,1269.8,single,10,10,0.46989,46889.9,20.1,32.0,38.5
engine,0.1.0,glove,1183514,100,cosine,16,200,4,65.586,nan,703661984,333.3,1269.9,single,20,10,0.59788,29152.6,32.4,51.6,61.6
engine,0.1.0,glove,1183514,100,cosine,16,200,4,65.586,nan,703661984,333.3,1269.9,single,40,10,0.70253,17701.7,54.4,81.6,96.4
engine,0.1.0,glove,1183514,100,cosine,16,200,4,65.586,nan,703661984,333.3,1269.9,single,80,10,0.78711,10294.7,96.0,133.6,158.8
engine,0.1.0,glove,1183514,100,cosine,16,200,4,65.586,nan,703661984,333.3,1269.9,single,160,10,0.85049,5810.1,173.8,225.2,254.8
engine,0.1.0,glove,1183514,100,cosine,16,200,4,65.586,nan,703661984,333.3,1269.9,single,320,10,0.89879,3169.7,321.9,403.9,430.9
engine,0.1.0,glove,1183514,100,cosine,16,200,4,65.586,nan,703661984,333.3,1269.9,single,640,10,0.93596,1704.9,600.5,758.8,789.8
engine,0.1.0,glove,1183514,100,cosine,16,200,4,65.586,nan,703661984,333.3,1269.9,batch,10,10,0.46989,178642.4,nan,nan,nan
engine,0.1.0,glove,1183514,100,cosine,16,200,4,65.586,nan,703661984,333.3,1269.9,batch,20,10,0.59788,109923.7,nan,nan,nan
engine,0.1.0,glove,1183514,100,cosine,16,200,4,65.586,nan,703661984,333.3,1269.9,batch,40,10,0.70253,65775.0,nan,nan,nan
engine,0.1.0,glove,1183514,100,cosine,16,200,4,65.586,nan,703661984,333.3,1269.9,batch,80,10,0.78711,38218.8,nan,nan,nan
engine,0.1.0,glove,1183514,100,cosine,16,200,4,65.586,nan,703661984,333.3,1269.9,batch,160,10,0.85049,21419.9,nan,nan,nan
engine,0.1.0,glove,1183514,100,cosine,16,200,4,65.586,nan,703661984,333.3,1269.9,batch,320,10,0.89879,11749.6,nan,nan,nan
engine,0.1.0,glove,1183514,100,cosine,16,200,4,65.586,nan,703661984,333.3,1269.9,batch,640,10,0.93596,6265.9,nan,nan,nan
hnswlib,0.8.0,glove,1183514,100,cosine,16,200,4,108.692,nan,649183788,345.4,1281.8,single,10,10,0.47086,29669.3,31.8,50.9,60.7
hnswlib,0.8.0,glove,1183514,100,cosine,16,200,4,108.692,nan,649183788,345.4,1281.8,single,20,10,0.59548,18749.5,50.6,79.6,96.0
hnswlib,0.8.0,glove,1183514,100,cosine,16,200,4,108.692,nan,649183788,345.4,1281.8,single,40,10,0.70358,11466.2,83.8,126.6,152.4
hnswlib,0.8.0,glove,1183514,100,cosine,16,200,4,108.692,nan,649183788,345.4,1281.8,single,80,10,0.78747,6714.7,147.0,206.0,239.3
hnswlib,0.8.0,glove,1183514,100,cosine,16,200,4,108.692,nan,649183788,345.4,1281.8,single,160,10,0.85043,3808.7,264.8,342.7,391.8
hnswlib,0.8.0,glove,1183514,100,cosine,16,200,4,108.692,nan,649183788,345.4,1281.8,single,320,10,0.89898,2117.4,483.6,601.5,645.5
hnswlib,0.8.0,glove,1183514,100,cosine,16,200,4,108.692,nan,649183788,345.4,1281.8,single,640,10,0.93576,1144.2,895.4,1125.7,1167.8
hnswlib,0.8.0,glove,1183514,100,cosine,16,200,4,108.692,nan,649183788,345.4,1282.0,batch,10,10,0.47086,108336.3,nan,nan,nan
hnswlib,0.8.0,glove,1183514,100,cosine,16,200,4,108.692,nan,649183788,345.4,1282.0,batch,20,10,0.59548,68367.8,nan,nan,nan
hnswlib,0.8.0,glove,1183514,100,cosine,16,200,4,108.692,nan,649183788,345.4,1282.0,batch,40,10,0.70358,41529.0,nan,nan,nan
hnswlib,0.8.0,glove,1183514,100,cosine,16,200,4,108.692,nan,649183788,345.4,1282.0,batch,80,10,0.78747,24283.5,nan,nan,nan
hnswlib,0.8.0,glove,1183514,100,cosine,16,200,4,108.692,nan,649183788,345.4,1282.0,batch,160,10,0.85043,13765.8,nan,nan,nan
hnswlib,0.8.0,glove,1183514,100,cosine,16,200,4,108.692,nan,649183788,345.4,1282.0,batch,320,10,0.89898,7540.1,nan,nan,nan
hnswlib,0.8.0,glove,1183514,100,cosine,16,200,4,108.692,nan,649183788,345.4,1282.1,batch,640,10,0.93576,4040.4,nan,nan,nan
faiss,1.13.0,glove,1183514,100,cosine,16,200,4,96.257,nan,644153874,861.2,1797.7,single,10,10,0.49665,32958.9,29.1,41.2,48.9
faiss,1.13.0,glove,1183514,100,cosine,16,200,4,96.257,nan,644153874,861.2,1797.7,single,20,10,0.62102,22696.4,42.1,61.2,72.0
faiss,1.13.0,glove,1183514,100,cosine,16,200,4,96.257,nan,644153874,861.2,1797.7,single,40,10,0.72473,14563.8,66.3,94.1,110.2
faiss,1.13.0,glove,1183514,100,cosine,16,200,4,96.257,nan,644153874,861.2,1797.7,single,80,10,0.80347,8263.2,119.2,159.5,187.9
faiss,1.13.0,glove,1183514,100,cosine,16,200,4,96.257,nan,644153874,861.2,1797.8,single,160,10,0.86246,4655.1,215.0,268.6,300.6
faiss,1.13.0,glove,1183514,100,cosine,16,200,4,96.257,nan,644153874,861.2,1797.8,single,320,10,0.90765,2437.0,414.9,497.8,533.5
faiss,1.13.0,glove,1183514,100,cosine,16,200,4,96.257,nan,644153874,861.2,1797.8,single,640,10,0.94213,1174.9,858.5,1018.7,1055.6
faiss,1.13.0,glove,1183514,100,cosine,16,200,4,96.257,nan,644153874,861.2,1797.8,batch,10,10,0.49665,139174.6,nan,nan,nan
faiss,1.13.0,glove,1183514,100,cosine,16,200,4,96.257,nan,644153874,861.2,1797.8,batch,20,10,0.62102,48853.1,nan,nan,nan
faiss,1.13.0,glove,1183514,100,cosine,16,200,4,96.257,nan,644153874,861.2,1797.8,batch,40,10,0.72473,47303.8,nan,nan,nan
faiss,1.13.0,glove,1183514,100,cosine,16,200,4,96.257,nan,644153874,861.2,1797.8,batch,80,10,0.80347,28746.8,nan,nan,nan
faiss,1.13.0,glove,1183514,100,cosine,16,200,4,96.257,nan,644153874,861.2,1797.8,batch,160,10,0.86246,15439.7,nan,nan,nan
faiss,1.13.0,glove,1183514,100,cosine,16,200,4,96.257,nan,644153874,861.2,1797.8,batch,320,10,0.90765,8930.9,nan,nan,nan
faiss,1.13.0,glove,1183514,100,cosine,16,200,4,96.257,nan,644153874,861.2,1797.8,batch,640,10,0.94213,4274.2,nan,nan,nan
